<?xml version="1.0" encoding="UTF-8"?>
<!-- This package has been created with Moodle 3.8.3+ (Build: 20200529) (2019111803.07) http://moodle.org/, Book module version 2019111800 - https://github.com/skodak/moodle-mod_book -->
<!-- One idea and implementation by Eloy Lafuente (stronk7) and Antonio Vicent (C) 2001-3001 -->
<manifest xmlns="http://www.imsglobal.org/xsd/imscp_v1p1" xmlns:imsmd="http://www.imsglobal.org/xsd/imsmd_v1p2" xmlns:xsi="http://www.w3.org/2001/XMLSchema-instance" identifier="MANIFEST-1f11af9a22e6adb9a0c475d260e75299" xsi:schemaLocation="http://www.imsglobal.org/xsd/imscp_v1p1 imscp_v1p1.xsd http://www.imsglobal.org/xsd/imsmd_v1p2 imsmd_v1p2p2.xsd">
  <organizations default="MOODLE-49-71">
    <organization identifier="MOODLE-49-71" structure="hierarchical">
      <title>Calculatrice en JavaScript</title>
        <item identifier="ITEM-49-71-1" isvisible="true" identifierref="RES-49-71-1">
         <title>Les pionniers</title>
        </item>
        <item identifier="ITEM-49-71-2" isvisible="true" identifierref="RES-49-71-2">
         <title>Situation problème</title>
        </item>
        <item identifier="ITEM-49-71-3" isvisible="true" identifierref="RES-49-71-3">
         <title>Les pré-requis</title>
        </item>
        <item identifier="ITEM-49-71-4" isvisible="true" identifierref="RES-49-71-4">
         <title>Réaliser une calculatrice simple</title>
        </item>
        <item identifier="ITEM-49-71-5" isvisible="true" identifierref="RES-49-71-5">
         <title>Réaliser une calculatrice scientifique</title>
        </item>
    </organization>
  </organizations>
  <resources>
    <resource identifier="RES-49-71-1" type="webcontent" xml:base="1/" href="index.html">
      <file href="1/index.html" />
      <file href="1/249199.jpg" />
      <file href="1/guido-van-rossum_python (2).jpg" />
      <dependency identifierref="RES-49-71-css" />
    </resource>
    <resource identifier="RES-49-71-2" type="webcontent" xml:base="2/" href="index.html">
      <file href="2/index.html" />
      <file href="2/im.png" />
      <dependency identifierref="RES-49-71-css" />
    </resource>
    <resource identifier="RES-49-71-3" type="webcontent" xml:base="3/" href="index.html">
      <file href="3/index.html" />
      <dependency identifierref="RES-49-71-css" />
    </resource>
    <resource identifier="RES-49-71-4" type="webcontent" xml:base="4/" href="index.html">
      <file href="4/index.html" />
      <file href="4/im (1).png" />
      <file href="4/im (3).png" />
      <file href="4/im (4).png" />
      <file href="4/im.png" />
      <file href="4/im1.png" />
      <file href="4/keyboard(1).png" />
      <dependency identifierref="RES-49-71-css" />
    </resource>
    <resource identifier="RES-49-71-5" type="webcontent" xml:base="5/" href="index.html">
      <file href="5/index.html" />
      <file href="5/im (2).png" />
      <file href="5/im (3).png" />
      <file href="5/im.png" />
      <dependency identifierref="RES-49-71-css" />
    </resource>
    <resource identifier="RES-49-71-css" type="webcontent" xml:base="css/" href="styles.css">
      <file href="css/styles.css" />
    </resource>
  </resources>
</manifest>
